-- phpMyAdmin SQL Dump
-- version 5.2.0
-- https://www.phpmyadmin.net/
--
-- Хост: 127.0.0.1:3306
-- Время создания: Май 12 2026 г., 11:37
-- Версия сервера: 8.0.30
-- Версия PHP: 7.2.34

SET SQL_MODE = "NO_AUTO_VALUE_ON_ZERO";
START TRANSACTION;
SET time_zone = "+00:00";


/*!40101 SET @OLD_CHARACTER_SET_CLIENT=@@CHARACTER_SET_CLIENT */;
/*!40101 SET @OLD_CHARACTER_SET_RESULTS=@@CHARACTER_SET_RESULTS */;
/*!40101 SET @OLD_COLLATION_CONNECTION=@@COLLATION_CONNECTION */;
/*!40101 SET NAMES utf8mb4 */;

--
-- База данных: `IS_StrahovayaAvto`
--

-- --------------------------------------------------------

--
-- Структура таблицы `Автомобиль`
--

CREATE TABLE `Автомобиль` (
  `Гос_номер` varchar(20) COLLATE utf8mb4_general_ci NOT NULL,
  `Марка` varchar(50) COLLATE utf8mb4_general_ci DEFAULT NULL,
  `Модель` varchar(50) COLLATE utf8mb4_general_ci DEFAULT NULL,
  `Год_выпуска` int DEFAULT NULL,
  `ФИО_клиента` varchar(100) COLLATE utf8mb4_general_ci DEFAULT NULL
) ENGINE=InnoDB DEFAULT CHARSET=utf8mb4 COLLATE=utf8mb4_general_ci;

--
-- Дамп данных таблицы `Автомобиль`
--

INSERT INTO `Автомобиль` (`Гос_номер`, `Марка`, `Модель`, `Год_выпуска`, `ФИО_клиента`) VALUES
('А777МУ72', 'Ford', 'Focus', 2017, 'Федорова Ольга Игоревна'),
('В444АУ72', 'Nissan', 'Qashqai', 2019, 'Николаев Дмитрий Сергеевич'),
('Е666НО72', 'Skoda', 'Rapid', 2020, 'Морозов Андрей Владимирович'),
('К555УК72', 'Mitsubishi', 'Outlander', 2021, 'Кузнецова Татьяна Алексеевна'),
('М456АВ72', 'Kia', 'Sportage', 2021, 'Петрова Анна Сергеевна'),
('Н111ХХ72', 'Hyundai', 'Solaris', 2018, 'Козлова Мария Дмитриевна'),
('О123КТ72', 'Toyota', 'Camry', 2020, 'Иванов Иван Иванович'),
('С222СС72', 'Renault', 'Logan', 2020, 'Смирнов Алексей Владимирович'),
('Т789РМ72', 'Lada', 'Vesta', 2019, 'Сидоров Петр Алексеевич'),
('У333ЕК72', 'Volkswagen', 'Polo', 2022, 'Васильева Елена Петровна');

-- --------------------------------------------------------

--
-- Структура таблицы `Клиент`
--

CREATE TABLE `Клиент` (
  `ФИО` varchar(100) COLLATE utf8mb4_general_ci NOT NULL,
  `Адрес` varchar(200) COLLATE utf8mb4_general_ci DEFAULT NULL
) ENGINE=InnoDB DEFAULT CHARSET=utf8mb4 COLLATE=utf8mb4_general_ci;

--
-- Дамп данных таблицы `Клиент`
--

INSERT INTO `Клиент` (`ФИО`, `Адрес`) VALUES
('Васильева Елена Петровна', 'г. Заводоуковск, ул. Садовая, д. 3, кв. 67'),
('Иванов Иван Иванович', 'г. Тюмень, ул. Республики, д. 50, кв. 12'),
('Козлова Мария Дмитриевна', 'г. Ишим, ул. Карла Маркса, д. 25, кв. 8'),
('Кузнецова Татьяна Алексеевна', 'с. Червишево, Тюменский р-н, ул. Школьная, д. 9, кв. 4'),
('Морозов Андрей Владимирович', 'г. Тобольск, ул. Семена Ремезова, д. 33, кв. 89'),
('Николаев Дмитрий Сергеевич', 'п. Боровский, Тюменский р-н, ул. Центральная, д. 18, кв. 22'),
('Петрова Анна Сергеевна', 'г. Тюмень, ул. Мельникайте, д. 85, кв. 34'),
('Сидоров Петр Алексеевич', 'г. Тобольск, мкр. Сумкино, д. 7, кв. 56'),
('Смирнов Алексей Владимирович', 'г. Ялуторовск, ул. Ленина, д. 12, кв. 45'),
('Федорова Ольга Игоревна', 'г. Тюмень, ул. Широтная, д. 150, кв. 78');

-- --------------------------------------------------------

--
-- Структура таблицы `Оценка_ущерба`
--

CREATE TABLE `Оценка_ущерба` (
  `Дата_оценки` date NOT NULL,
  `Гос_номер` varchar(20) COLLATE utf8mb4_general_ci NOT NULL,
  `Дата_ДТП` date NOT NULL,
  `Сумма_ущерба` decimal(15,2) DEFAULT NULL
) ENGINE=InnoDB DEFAULT CHARSET=utf8mb4 COLLATE=utf8mb4_general_ci;

--
-- Дамп данных таблицы `Оценка_ущерба`
--

INSERT INTO `Оценка_ущерба` (`Дата_оценки`, `Гос_номер`, `Дата_ДТП`, `Сумма_ущерба`) VALUES
('2023-12-28', 'Е666НО72', '2023-12-25', '89000.00'),
('2024-01-15', 'С222СС72', '2024-01-10', '125000.00'),
('2024-02-18', 'О123КТ72', '2024-02-15', '45000.00'),
('2024-03-22', 'Т789РМ72', '2024-03-20', '28000.00'),
('2024-04-08', 'В444АУ72', '2024-04-05', '67000.00'),
('2024-05-12', 'Н111ХХ72', '2024-05-10', '95000.00'),
('2024-06-03', 'У333ЕК72', '2024-06-01', '147000.00');

-- --------------------------------------------------------

--
-- Структура таблицы `Платеж`
--

CREATE TABLE `Платеж` (
  `ID_платежа` bigint UNSIGNED NOT NULL,
  `Дата_платежа` date DEFAULT NULL,
  `Сумма_платежа` decimal(15,2) DEFAULT NULL,
  `Номер_полиса` varchar(50) COLLATE utf8mb4_general_ci DEFAULT NULL
) ENGINE=InnoDB DEFAULT CHARSET=utf8mb4 COLLATE=utf8mb4_general_ci;

--
-- Дамп данных таблицы `Платеж`
--

INSERT INTO `Платеж` (`ID_платежа`, `Дата_платежа`, `Сумма_платежа`, `Номер_полиса`) VALUES
(1, '2024-01-16', '58500.00', 'ТЮМ001234'),
(2, '2024-01-17', '3500.00', 'ТЮМ005678'),
(3, '2024-02-25', '42000.00', 'ТОБ009876'),
(4, '2024-03-06', '3800.00', 'ИШИ003333'),
(5, '2024-03-10', '49000.00', 'ЗАВ008888');

-- --------------------------------------------------------

--
-- Структура таблицы `Полис`
--

CREATE TABLE `Полис` (
  `Номер_полиса` varchar(50) COLLATE utf8mb4_general_ci NOT NULL,
  `Дата_начала` date DEFAULT NULL,
  `Дата_окончания` date DEFAULT NULL,
  `Тип_страхования` varchar(50) COLLATE utf8mb4_general_ci DEFAULT NULL,
  `Сумма` decimal(15,2) DEFAULT NULL,
  `Статус` varchar(50) COLLATE utf8mb4_general_ci DEFAULT NULL,
  `ФИО_клиента` varchar(100) COLLATE utf8mb4_general_ci DEFAULT NULL,
  `ФИО_сотрудника` varchar(100) COLLATE utf8mb4_general_ci DEFAULT NULL
) ENGINE=InnoDB DEFAULT CHARSET=utf8mb4 COLLATE=utf8mb4_general_ci;

--
-- Дамп данных таблицы `Полис`
--

INSERT INTO `Полис` (`Номер_полиса`, `Дата_начала`, `Дата_окончания`, `Тип_страхования`, `Сумма`, `Статус`, `ФИО_клиента`, `ФИО_сотрудника`) VALUES
('БОР002222', '2024-01-25', '2025-01-24', 'КАСКО', '1950000.00', 'Активен', 'Николаев Дмитрий Сергеевич', 'Михайлов Денис Олегович'),
('ЗАВ008888', '2024-04-12', '2025-04-11', 'ОСАГО', '480000.00', 'Активен', 'Васильева Елена Петровна', 'Егорова Анастасия Сергеевна'),
('ИШИ003333', '2024-03-05', '2025-03-04', 'ОСАГО', '450000.00', 'Активен', 'Козлова Мария Дмитриевна', 'Романов Павел Игоревич'),
('ТОБ006666', '2024-02-28', '2025-02-27', 'КАСКО', '2200000.00', 'Активен', 'Морозов Андрей Владимирович', 'Лебедева Юлия Владимировна'),
('ТОБ009876', '2023-11-10', '2024-11-09', 'КАСКО', '1800000.00', 'Активен', 'Сидоров Петр Алексеевич', 'Лебедева Юлия Владимировна'),
('ТЮМ001234', '2024-01-15', '2025-01-14', 'КАСКО', '2500000.00', 'Активен', 'Иванов Иван Иванович', 'Соколова Евгения Андреевна'),
('ТЮМ005678', '2024-02-20', '2025-02-19', 'ОСАГО', '500000.00', 'Активен', 'Петрова Анна Сергеевна', 'Михайлов Денис Олегович'),
('ТЮМ011111', '2023-10-20', '2024-10-19', 'ОСАГО', '520000.00', 'Завершен', 'Федорова Ольга Игоревна', 'Соколова Евгения Андреевна'),
('ЧЕР004444', '2023-12-15', '2024-12-14', 'ОСАГО', '460000.00', 'Активен', 'Кузнецова Татьяна Алексеевна', 'Романов Павел Игоревич'),
('ЯЛУ007777', '2023-09-01', '2024-08-31', 'КАСКО', '2100000.00', 'Завершен', 'Смирнов Алексей Владимирович', 'Соколова Евгения Андреевна');

-- --------------------------------------------------------

--
-- Структура таблицы `Выплата`
--

CREATE TABLE `Выплата` (
  `ID_выплаты` bigint UNSIGNED NOT NULL,
  `Дата_выплаты` date DEFAULT NULL,
  `Сумма_выплаты` decimal(15,2) DEFAULT NULL,
  `Статус_урегулирования` varchar(50) COLLATE utf8mb4_general_ci DEFAULT NULL,
  `Номер_полиса` varchar(50) COLLATE utf8mb4_general_ci DEFAULT NULL
) ENGINE=InnoDB DEFAULT CHARSET=utf8mb4 COLLATE=utf8mb4_general_ci;

--
-- Дамп данных таблицы `Выплата`
--

INSERT INTO `Выплата` (`ID_выплаты`, `Дата_выплаты`, `Сумма_выплаты`, `Статус_урегулирования`, `Номер_полиса`) VALUES
(1, '2024-02-25', '38000.00', 'Выплачено', 'ТЮМ001234'),
(2, '2024-03-30', '22000.00', 'Выплачено', 'ТОБ009876'),
(3, '2024-01-25', '110000.00', 'В процессе', 'ЯЛУ007777'),
(4, '2024-04-15', '58000.00', 'Выплачено', 'ТЮМ005678'),
(5, '2024-01-05', '75000.00', 'Отказано', 'ТЮМ011111');

-- --------------------------------------------------------

--
-- Структура таблицы `ДТП`
--

CREATE TABLE `ДТП` (
  `Дата_ДТП` date NOT NULL,
  `Гос_номер` varchar(20) COLLATE utf8mb4_general_ci NOT NULL,
  `Описание` text COLLATE utf8mb4_general_ci
) ENGINE=InnoDB DEFAULT CHARSET=utf8mb4 COLLATE=utf8mb4_general_ci;

--
-- Дамп данных таблицы `ДТП`
--

INSERT INTO `ДТП` (`Дата_ДТП`, `Гос_номер`, `Описание`) VALUES
('2023-12-25', 'Е666НО72', 'Наезд на пешехода у ТЦ Красные ворота, Тобольск'),
('2024-01-10', 'С222СС72', 'ДТП на трассе Тюмень-Ялуторовск, 15 км'),
('2024-02-15', 'О123КТ72', 'Столкновение на перекрестке ул. Республики и ул. Ленина, Тюмень'),
('2024-03-20', 'Т789РМ72', 'Наезд на бордюр на ул. Октябрьская, Тобольск'),
('2024-04-05', 'В444АУ72', 'Столкновение сзади на ул. Широтная, Тюмень'),
('2024-05-10', 'Н111ХХ72', 'Съезд в кювет на автодороге Тюмень-Червишево, 8 км'),
('2024-06-01', 'У333ЕК72', 'Столкновение с деревом на ул. Заводская, Заводоуковск');

-- --------------------------------------------------------

--
-- Структура таблицы `Сотрудник`
--

CREATE TABLE `Сотрудник` (
  `ФИО` varchar(100) COLLATE utf8mb4_general_ci NOT NULL,
  `Должность` varchar(100) COLLATE utf8mb4_general_ci DEFAULT NULL
) ENGINE=InnoDB DEFAULT CHARSET=utf8mb4 COLLATE=utf8mb4_general_ci;

--
-- Дамп данных таблицы `Сотрудник`
--

INSERT INTO `Сотрудник` (`ФИО`, `Должность`) VALUES
('Егорова Анастасия Сергеевна', 'Ведущий специалист по ДТП'),
('Лебедева Юлия Владимировна', 'Оценщик ущерба'),
('Михайлов Денис Олегович', 'Специалист по урегулированию убытков'),
('Романов Павел Игоревич', 'Страховой агент'),
('Соколова Евгения Андреевна', 'Старший страховой агент');

--
-- Индексы сохранённых таблиц
--

--
-- Индексы таблицы `Автомобиль`
--
ALTER TABLE `Автомобиль`
  ADD PRIMARY KEY (`Гос_номер`),
  ADD KEY `ФИО_клиента` (`ФИО_клиента`);

--
-- Индексы таблицы `Клиент`
--
ALTER TABLE `Клиент`
  ADD PRIMARY KEY (`ФИО`);

--
-- Индексы таблицы `Оценка_ущерба`
--
ALTER TABLE `Оценка_ущерба`
  ADD PRIMARY KEY (`Дата_оценки`,`Гос_номер`,`Дата_ДТП`),
  ADD KEY `Дата_ДТП` (`Дата_ДТП`,`Гос_номер`);

--
-- Индексы таблицы `Платеж`
--
ALTER TABLE `Платеж`
  ADD PRIMARY KEY (`ID_платежа`),
  ADD UNIQUE KEY `ID_платежа` (`ID_платежа`),
  ADD KEY `Номер_полиса` (`Номер_полиса`);

--
-- Индексы таблицы `Полис`
--
ALTER TABLE `Полис`
  ADD PRIMARY KEY (`Номер_полиса`),
  ADD KEY `ФИО_клиента` (`ФИО_клиента`),
  ADD KEY `ФИО_сотрудника` (`ФИО_сотрудника`);

--
-- Индексы таблицы `Выплата`
--
ALTER TABLE `Выплата`
  ADD PRIMARY KEY (`ID_выплаты`),
  ADD UNIQUE KEY `ID_выплаты` (`ID_выплаты`),
  ADD KEY `Номер_полиса` (`Номер_полиса`);

--
-- Индексы таблицы `ДТП`
--
ALTER TABLE `ДТП`
  ADD PRIMARY KEY (`Дата_ДТП`,`Гос_номер`),
  ADD KEY `Гос_номер` (`Гос_номер`);

--
-- Индексы таблицы `Сотрудник`
--
ALTER TABLE `Сотрудник`
  ADD PRIMARY KEY (`ФИО`);

--
-- AUTO_INCREMENT для сохранённых таблиц
--

--
-- AUTO_INCREMENT для таблицы `Платеж`
--
ALTER TABLE `Платеж`
  MODIFY `ID_платежа` bigint UNSIGNED NOT NULL AUTO_INCREMENT, AUTO_INCREMENT=6;

--
-- AUTO_INCREMENT для таблицы `Выплата`
--
ALTER TABLE `Выплата`
  MODIFY `ID_выплаты` bigint UNSIGNED NOT NULL AUTO_INCREMENT, AUTO_INCREMENT=6;

--
-- Ограничения внешнего ключа сохраненных таблиц
--

--
-- Ограничения внешнего ключа таблицы `Автомобиль`
--
ALTER TABLE `Автомобиль`
  ADD CONSTRAINT `автомобиль_ibfk_1` FOREIGN KEY (`ФИО_клиента`) REFERENCES `Клиент` (`ФИО`);

--
-- Ограничения внешнего ключа таблицы `Оценка_ущерба`
--
ALTER TABLE `Оценка_ущерба`
  ADD CONSTRAINT `оценка_ущерба_ibfk_1` FOREIGN KEY (`Дата_ДТП`,`Гос_номер`) REFERENCES `ДТП` (`Дата_ДТП`, `Гос_номер`);

--
-- Ограничения внешнего ключа таблицы `Платеж`
--
ALTER TABLE `Платеж`
  ADD CONSTRAINT `платеж_ibfk_1` FOREIGN KEY (`Номер_полиса`) REFERENCES `Полис` (`Номер_полиса`);

--
-- Ограничения внешнего ключа таблицы `Полис`
--
ALTER TABLE `Полис`
  ADD CONSTRAINT `полис_ibfk_1` FOREIGN KEY (`ФИО_клиента`) REFERENCES `Клиент` (`ФИО`),
  ADD CONSTRAINT `полис_ibfk_2` FOREIGN KEY (`ФИО_сотрудника`) REFERENCES `Сотрудник` (`ФИО`);

--
-- Ограничения внешнего ключа таблицы `Выплата`
--
ALTER TABLE `Выплата`
  ADD CONSTRAINT `выплата_ibfk_1` FOREIGN KEY (`Номер_полиса`) REFERENCES `Полис` (`Номер_полиса`);

--
-- Ограничения внешнего ключа таблицы `ДТП`
--
ALTER TABLE `ДТП`
  ADD CONSTRAINT `дтп_ibfk_1` FOREIGN KEY (`Гос_номер`) REFERENCES `Автомобиль` (`Гос_номер`);
COMMIT;

/*!40101 SET CHARACTER_SET_CLIENT=@OLD_CHARACTER_SET_CLIENT */;
/*!40101 SET CHARACTER_SET_RESULTS=@OLD_CHARACTER_SET_RESULTS */;
/*!40101 SET COLLATION_CONNECTION=@OLD_COLLATION_CONNECTION */;
